City_ID,City,Country,Lat,Lng,Max Temp,Humidity,Cloudiness,Wind Speed,Current Description
0,Tasiilaq,GL,65.6145,-37.6368,36.86,97,100,12.86,moderate rain
1,Trapani,IT,37.8333,12.6667,59.27,56,100,5.73,overcast clouds
2,Vostok,RU,46.4856,135.8833,45.91,42,98,10.36,overcast clouds
3,Butaritari,KI,3.0707,172.7902,81.75,73,46,11.07,scattered clouds
4,Barrow,US,71.2906,-156.7887,6.82,78,0,26.46,clear sky
5,Port Alfred,ZA,-33.5906,26.891,58.91,71,96,4.88,overcast clouds
6,Buraydah,SA,26.326,43.975,72.05,42,0,5.84,clear sky
7,Sarakhs,IR,36.5449,61.1577,62.04,38,100,20.24,overcast clouds
8,Baykit,RU,61.67,96.37,37.83,99,100,2.21,overcast clouds
9,Evensk,RU,61.95,159.2333,29.46,74,92,3.27,overcast clouds
10,Poum,NC,-20.2333,164.0167,78.19,70,20,13.09,few clouds
11,Punta Arenas,CL,-53.15,-70.9167,46.51,81,0,21.85,clear sky
12,Nouadhibou,MR,20.931,-17.0347,62.58,94,0,11.5,clear sky
13,New Norfolk,AU,-42.7826,147.0587,63.66,54,100,1.01,overcast clouds
14,Kapaa,US,22.0752,-159.319,76.48,77,100,5.99,overcast clouds
15,Grand Gaube,MU,-20.0064,57.6608,77.4,87,68,7.0,light rain
16,Vaini,TO,-21.2,-175.2,84.36,70,20,8.05,few clouds
17,Delmas,HT,18.5447,-72.3028,73.9,84,86,4.56,overcast clouds
18,Akyab,MM,20.15,92.9,85.66,66,54,6.53,broken clouds
19,Falam,MM,22.9167,93.6833,78.01,35,45,2.51,scattered clouds
20,Codrington,AU,-38.2667,141.9667,73.99,47,15,4.12,few clouds
21,Rikitea,PF,-23.1203,-134.9692,77.79,72,3,14.47,clear sky
22,Ostrovnoy,RU,68.0531,39.5131,16.12,95,69,8.77,broken clouds
23,Aklavik,CA,68.2191,-135.0107,8.08,77,100,6.13,overcast clouds
24,Saint George,US,37.1041,-113.5841,73.26,19,73,3.0,broken clouds
25,Wakkanai,JP,45.4094,141.6739,46.38,36,0,5.75,clear sky
26,Busselton,AU,-33.65,115.3333,69.46,55,78,9.17,broken clouds
27,Lauchhammer,DE,51.5,13.8,42.12,93,76,9.4,broken clouds
28,Thompson,CA,55.7435,-97.8558,23.16,42,75,9.22,broken clouds
29,Chernyshevskiy,RU,63.0128,112.4714,17.33,80,78,2.84,broken clouds
30,Lethem,GY,3.3803,-59.7968,74.46,82,99,6.13,overcast clouds
31,Hobart,AU,-42.8794,147.3294,64.02,66,75,9.22,broken clouds
32,Fortuna,US,40.5982,-124.1573,45.09,87,75,0.0,light rain
33,Quatre Cocos,MU,-20.2078,57.7625,77.11,79,92,21.97,light rain
34,Kalabo,ZM,-14.97,22.6814,67.71,83,83,3.31,broken clouds
35,Hermanus,ZA,-34.4187,19.2345,56.8,70,51,14.56,broken clouds
36,Nanortalik,GL,60.1432,-45.2371,26.67,80,97,12.48,overcast clouds
37,Vilhena,BR,-12.7406,-60.1458,69.51,93,99,2.82,overcast clouds
38,Hilo,US,19.7297,-155.09,80.28,89,100,5.01,light rain
39,Severo-Kurilsk,RU,50.6789,156.125,32.4,82,100,3.51,overcast clouds
40,Lebu,CL,-37.6167,-73.65,52.5,91,6,12.88,clear sky
41,Ponta Do Sol,PT,32.6667,-17.1,63.23,59,94,4.65,overcast clouds
42,Nikolskoye,RU,59.7035,30.7861,37.29,89,68,10.96,broken clouds
43,Kodiak,US,57.79,-152.4072,38.71,87,100,14.97,light rain
44,Atuona,PF,-9.8,-139.0333,79.23,77,20,16.17,light rain
45,Airai,TL,-8.9266,125.4092,74.61,60,54,1.07,broken clouds
46,Bluff,NZ,-46.6,168.3333,55.8,62,18,34.52,few clouds
47,Puerto Ayora,EC,-0.7393,-90.3518,75.85,90,71,7.58,broken clouds
48,Yumen,CN,40.2833,97.2,41.38,24,0,24.92,clear sky
49,Constitucion,CL,-35.3333,-72.4167,50.58,89,0,7.9,clear sky
50,Adrar,MR,20.5022,-10.0711,77.94,15,1,8.99,clear sky
51,Barcelos,PT,41.5388,-8.6151,56.91,90,62,2.57,broken clouds
52,Carnarvon,AU,-24.8667,113.6333,84.38,47,98,9.22,overcast clouds
53,Albany,US,42.6001,-73.9662,57.38,46,70,4.56,broken clouds
54,Yellowknife,CA,62.456,-114.3525,12.4,82,100,9.44,overcast clouds
55,Tuktoyaktuk,CA,69.4541,-133.0374,-1.23,93,30,3.6,scattered clouds
56,Mataura,NZ,-46.1927,168.8643,54.48,57,40,13.82,scattered clouds
57,Tazovskiy,RU,67.4667,78.7,20.03,92,100,7.02,overcast clouds
58,Cayenne,GF,4.9333,-52.3333,81.09,1,40,5.99,scattered clouds
59,Kaitangata,NZ,-46.2817,169.8464,56.98,53,6,20.62,clear sky
60,Balaipungut,ID,1.05,101.2833,80.85,76,99,1.03,overcast clouds
61,Bathsheba,BB,13.2167,-59.5167,78.06,78,39,17.63,scattered clouds
62,San Julian,MX,21.0167,-102.1667,71.44,13,100,8.1,overcast clouds
63,Santa Cruz De La Palma,ES,28.6835,-17.7642,69.13,63,0,12.66,clear sky
64,Aksarka,RU,66.5606,67.7975,14.02,93,82,5.68,broken clouds
65,Te Anau,NZ,-45.4167,167.7167,54.97,49,20,6.78,few clouds
66,Avarua,CK,-21.2078,-159.775,82.45,78,26,5.75,scattered clouds
67,Tyukhtet,RU,56.5389,89.3011,41.67,87,100,4.5,overcast clouds
68,Khamamatyurt,RU,43.6081,46.5006,45.25,87,6,3.74,clear sky
69,Nouna,BF,12.7333,-3.8667,91.44,32,100,8.03,light rain
70,Khor,RU,47.8861,134.9464,46.96,53,100,12.41,light rain
71,Port Hedland,AU,-20.3167,118.5667,93.25,27,9,10.36,clear sky
72,Bosaso,SO,11.2842,49.1816,81.81,73,69,11.99,broken clouds
73,Cabo San Lucas,MX,22.8909,-109.9124,76.6,53,100,9.17,overcast clouds
74,Saldanha,ZA,-33.0117,17.9442,54.25,61,2,15.1,clear sky
75,Asau,RO,46.4333,26.4,45.52,78,96,2.35,overcast clouds
76,Ushuaia,AR,-54.8,-68.3,41.0,92,95,5.93,light rain
77,Imuris,MX,30.7833,-110.8667,70.43,8,87,8.48,overcast clouds
78,Puerto Escondido,MX,15.85,-97.0667,82.26,74,46,5.77,scattered clouds
79,Castro,BR,-24.7911,-50.0119,48.81,74,0,4.16,clear sky
80,Gazli,UZ,40.1333,63.45,70.32,38,100,13.78,overcast clouds
81,Phalombe,MW,-15.8064,35.6507,66.52,94,3,2.17,clear sky
82,Upernavik,GL,72.7868,-56.1549,-16.82,98,38,6.55,scattered clouds
83,Ciudad Bolivar,VE,8.1222,-63.5497,81.0,66,89,14.74,overcast clouds
84,Arman,RU,59.7,150.1667,26.55,57,98,3.56,overcast clouds
85,Marrakesh,MA,31.6315,-8.0083,64.47,48,0,6.91,clear sky
86,Nicoya,CR,10.1483,-85.452,82.36,68,85,6.2,overcast clouds
87,Alice Springs,AU,-23.7,133.8833,90.95,19,4,10.36,clear sky
88,Palora,EC,-1.7,-77.9333,66.7,98,90,2.04,overcast clouds
89,Tiksi,RU,71.6872,128.8694,0.82,95,99,3.11,overcast clouds
90,Cidreira,BR,-30.1811,-50.2056,64.24,68,100,6.49,overcast clouds
91,Kamaishi,JP,39.2667,141.8833,42.39,74,100,13.69,overcast clouds
92,Jamestown,US,42.097,-79.2353,49.51,93,97,11.77,overcast clouds
93,Zaysan,KZ,47.4667,84.8667,47.79,18,0,2.84,clear sky
94,Carmen,MX,18.6333,-91.8333,81.63,79,32,20.76,scattered clouds
95,Biankouma,CI,7.7391,-7.6138,69.89,98,100,1.66,moderate rain
96,Padang,ID,-0.9492,100.3543,82.45,75,100,0.34,overcast clouds
97,Tabriz,IR,38.08,46.2919,45.86,36,0,13.8,clear sky
98,Dikson,RU,73.5069,80.5464,16.95,94,100,7.47,overcast clouds
99,Nizhniy Odes,RU,63.6445,54.856,22.44,86,100,11.65,overcast clouds
100,Vila Velha,BR,-20.3297,-40.2925,72.95,70,52,3.0,broken clouds
101,Kenai,US,60.5544,-151.2583,43.03,77,100,10.38,overcast clouds
102,Kulhudhuffushi,MV,6.6221,73.07,84.31,69,94,8.28,overcast clouds
103,Cape Town,ZA,-33.9258,18.4232,58.91,67,2,13.0,clear sky
104,Bambous Virieux,MU,-20.3428,57.7575,77.25,78,75,14.97,light rain
105,Bestobe,KZ,52.4994,73.0975,57.99,35,77,12.24,broken clouds
106,Galesong,ID,-5.3166,119.3661,78.82,70,69,4.05,moderate rain
107,San Jose,US,37.3394,-121.895,65.25,54,0,16.11,clear sky
108,Cockburn Town,TC,21.4612,-71.1419,77.54,81,76,23.6,broken clouds
109,Lompoc,US,34.6391,-120.4579,61.02,84,100,15.01,mist
110,Nadym,RU,65.5333,72.5167,24.58,86,100,14.81,overcast clouds
111,Solnechnyy,RU,50.7214,136.6319,38.12,75,100,4.7,overcast clouds
112,Puerto Madryn,AR,-42.7692,-65.0385,66.25,44,1,16.67,clear sky
113,Tarakan,ID,3.3,117.6333,80.71,78,97,2.64,moderate rain
114,Tsumeb,NA,-19.2333,17.7167,65.1,59,38,4.61,scattered clouds
115,Naze,JP,28.3667,129.4833,65.01,59,34,20.76,scattered clouds
116,Lavrentiya,RU,65.5833,-171.0,29.59,96,100,14.36,light snow
117,Kirakira,SB,-10.4544,161.9205,84.54,70,66,6.24,broken clouds
118,Hastings,GB,50.8552,0.5729,52.52,84,0,8.28,clear sky
119,Lucapa,AO,-8.4192,20.7447,66.81,97,100,2.66,overcast clouds
120,Labuhan,ID,-6.8844,112.2051,84.18,70,89,4.43,overcast clouds
121,Pangody,RU,65.85,74.4859,24.21,90,100,7.67,overcast clouds
122,Lashio,MM,22.9333,97.75,83.97,44,3,1.74,clear sky
123,Tekeli,KZ,44.83,78.8239,53.94,39,0,7.87,clear sky
124,Mackay,AU,-21.15,149.2,85.68,69,16,17.02,few clouds
125,Christchurch,NZ,-43.5333,172.6333,76.41,37,97,16.11,overcast clouds
126,Novonukutskiy,RU,53.7002,102.7117,46.45,55,99,12.46,overcast clouds
127,San Patricio,US,28.017,-97.5169,75.18,88,40,11.48,scattered clouds
128,Komsomolskiy,UZ,40.4272,71.7189,63.32,42,13,9.22,few clouds
129,Qaanaaq,GL,77.484,-69.3632,-7.06,95,100,3.83,overcast clouds
130,Saint-Joseph,RE,-21.3667,55.6167,71.2,83,32,14.7,light rain
131,Talnakh,RU,69.4865,88.3972,24.3,93,100,10.49,light snow
132,Neuquen,AR,-38.9516,-68.0591,53.49,76,0,0.0,clear sky
133,Caravelas,BR,-17.7125,-39.2481,76.15,75,100,13.24,light rain
134,Novaya Igirma,RU,57.1334,103.9112,42.13,77,81,2.89,broken clouds
135,Rocha,UY,-34.4833,-54.3333,54.34,87,2,1.77,clear sky
136,Mount Isa,AU,-20.7333,139.5,92.97,26,0,5.75,clear sky
137,Mahebourg,MU,-20.4081,57.7,77.29,78,75,14.97,broken clouds
138,San Andres,CO,12.5847,-81.7006,80.65,79,100,18.7,overcast clouds
139,Isangel,VU,-19.55,169.2667,84.24,70,15,9.26,few clouds
140,Regina,CA,50.4501,-104.6178,21.04,75,100,10.36,overcast clouds
141,Sabang,ID,5.8933,95.3214,83.01,71,99,0.51,overcast clouds
142,Hithadhoo,MV,-0.6,73.0833,82.56,69,36,2.35,scattered clouds
143,Xining,CN,36.6167,101.7667,43.92,62,93,0.92,overcast clouds
144,Vaitape,PF,-16.5167,-151.75,82.44,68,2,14.43,clear sky
145,Port Blair,IN,11.6667,92.75,84.24,84,20,1.14,few clouds
146,Auchel,FR,50.5034,2.4735,48.43,91,64,6.62,broken clouds
147,Bethel,US,41.3712,-73.414,57.78,50,0,11.01,clear sky
148,High Rock,BS,26.6208,-78.2833,73.42,73,54,18.77,broken clouds
149,Khatanga,RU,71.9667,102.5,20.5,85,100,10.67,overcast clouds
150,Kidal,ML,18.4411,1.4078,76.5,12,31,13.09,scattered clouds
151,Kavieng,PG,-2.5744,150.7967,84.15,73,13,8.93,light rain
152,Goderich,CA,43.7501,-81.7165,41.92,69,100,15.1,overcast clouds
153,Kushmurun,KZ,52.4503,64.6311,49.89,63,100,8.25,overcast clouds
154,Mabaruma,GY,8.2,-59.7833,74.68,86,91,4.47,overcast clouds
155,Shitanjing,CN,39.2342,106.3439,41.59,64,100,14.5,overcast clouds
156,Georgetown,MY,5.4112,100.3354,85.95,79,20,0.0,thunderstorm
157,Teno,CL,-34.8667,-71.1833,54.82,66,0,2.48,clear sky
158,Hay River,CA,60.8156,-115.7999,18.14,92,100,9.26,overcast clouds
159,Geraldton,AU,-28.7667,114.6,72.01,83,3,11.5,clear sky
160,Mecca,SA,21.4267,39.8261,79.39,34,0,3.98,clear sky
161,Kimbe,PG,-5.5502,150.1429,88.25,62,61,5.39,light rain
162,Trairi,BR,-3.2778,-39.2689,76.86,85,61,2.26,broken clouds
163,La Ronge,CA,55.1001,-105.2842,21.15,82,100,1.19,overcast clouds
164,Jianhu,CN,29.9799,120.5712,60.75,69,100,3.4,overcast clouds
165,Ribeira Grande,PT,38.5167,-28.7,61.2,77,40,6.91,scattered clouds
166,Chuy,UY,-33.6971,-53.4616,62.04,67,83,7.43,broken clouds
167,Grindavik,IS,63.8424,-22.4338,46.9,93,100,35.68,light intensity drizzle
168,East London,ZA,-33.0153,27.9116,61.34,68,100,5.95,overcast clouds
169,Erenhot,CN,43.6475,111.9767,47.14,20,7,5.91,clear sky
170,Touros,BR,-5.1989,-35.4608,80.26,80,81,8.59,broken clouds
171,Meulaboh,ID,4.1363,96.1285,80.89,80,78,3.65,broken clouds
172,Zenzeli,RU,45.9241,47.0474,49.53,82,99,6.49,overcast clouds
173,San Cristobal,VE,7.7669,-72.225,68.29,85,100,2.68,overcast clouds
174,Brigantine,US,39.4101,-74.3646,55.06,75,73,17.92,broken clouds
175,Bredasdorp,ZA,-34.5322,20.0403,58.23,58,98,10.74,overcast clouds
176,Souillac,MU,-20.5167,57.5167,77.38,78,75,14.97,light rain
177,Miles City,US,46.4083,-105.8406,27.57,68,100,10.36,overcast clouds
178,Port Elizabeth,ZA,-33.918,25.5701,57.49,77,0,3.44,clear sky
179,Trofors,NO,65.5333,13.4063,24.71,82,91,5.37,overcast clouds
180,Samarai,PG,-10.6167,150.6667,83.5,72,100,8.39,overcast clouds
181,Bilibino,RU,68.0546,166.4372,30.9,78,100,3.04,overcast clouds
182,Ixtapa,MX,20.7,-105.2,74.23,83,100,3.0,overcast clouds
183,Norman Wells,CA,65.282,-126.8329,11.88,83,100,5.66,overcast clouds
184,Dubrovka,RU,53.6907,33.5071,38.73,95,100,15.26,light rain
185,Bandarbeyla,SO,9.4942,50.8122,82.49,70,90,7.29,overcast clouds
186,Kawhia,NZ,-38.0651,174.8183,73.51,62,35,4.72,scattered clouds
187,Upington,ZA,-28.4478,21.2561,58.48,58,2,15.77,clear sky
188,Mingyue,CN,43.1069,128.9217,57.24,26,2,14.76,clear sky
189,Mount Gambier,AU,-37.8333,140.7667,66.11,82,40,3.44,scattered clouds
190,Acari,PE,-15.4311,-74.6158,68.88,83,100,4.81,overcast clouds
191,Roblin,CA,51.23,-101.3565,15.62,89,100,5.59,overcast clouds
192,Thunder Bay,CA,48.4001,-89.3168,24.78,83,100,11.5,overcast clouds
193,Klaksvik,FO,62.2266,-6.589,49.12,98,100,14.92,overcast clouds
194,Kungurtug,RU,50.5994,97.5228,30.43,73,100,1.07,overcast clouds
195,Chieti,IT,42.3609,14.138,57.22,96,2,6.91,mist
196,Kerrville,US,30.0474,-99.1403,75.45,79,40,1.01,scattered clouds
197,Bowen,AU,-20.0167,148.2333,80.78,59,7,16.98,clear sky
198,Saskylakh,RU,71.9167,114.0833,1.27,92,50,8.1,scattered clouds
199,Great Bend,US,38.3645,-98.7648,48.61,44,12,17.85,few clouds
200,Faanui,PF,-16.4833,-151.75,82.44,68,2,14.54,clear sky
201,Kismayo,SO,-0.3582,42.5454,80.87,82,70,6.98,broken clouds
202,Takoradi,GH,4.8845,-1.7554,79.14,84,100,6.06,overcast clouds
203,Birin,NP,26.8865,88.0718,70.21,31,4,3.4,clear sky
204,Orlik,RU,52.5178,99.825,28.38,64,94,2.82,overcast clouds
205,Waingapu,ID,-9.6567,120.2641,86.0,72,39,9.6,scattered clouds
206,Taoudenni,ML,22.6783,-3.9836,74.84,20,0,12.68,clear sky
207,Roura,GF,4.7263,-52.3274,80.96,83,20,3.44,few clouds
208,Bairiki,KI,1.3292,172.9752,86.0,70,75,5.75,broken clouds
209,Petropavlovsk-Kamchatskiy,RU,53.0452,158.6483,37.99,45,75,8.95,broken clouds
210,Burayevo,RU,55.8407,55.4083,35.42,97,100,13.47,overcast clouds
211,Gimli,CA,50.6336,-96.9907,19.9,87,100,15.26,overcast clouds
212,Hofn,IS,64.2539,-15.2082,45.75,89,100,4.76,light rain
213,Farah,AF,32.5,62.5,70.9,18,100,4.52,overcast clouds
214,Torbay,CA,47.6666,-52.7314,35.58,79,91,3.0,overcast clouds
215,Nador,MA,35.174,-2.9287,55.65,71,0,3.44,clear sky
216,Hanna,CA,51.6334,-111.9018,24.85,77,100,4.0,overcast clouds
217,High Level,CA,58.5169,-117.136,25.63,90,99,3.85,overcast clouds
218,Palasa,IN,18.7667,84.4167,86.11,65,21,11.39,few clouds
219,Wattegama,LK,6.7989,81.4808,79.05,82,52,5.1,broken clouds
220,Del Rio,US,29.3627,-100.8968,84.31,54,0,10.36,clear sky
221,Jieshi,CN,22.8134,115.8257,68.7,62,44,24.34,scattered clouds
222,Pandan,PH,14.0453,124.1694,83.52,66,43,5.95,scattered clouds
223,Port Hardy,CA,50.6996,-127.4199,44.38,61,57,9.35,broken clouds
224,Itaqui,BR,-29.1253,-56.5531,53.65,78,0,8.25,clear sky
225,Khani,GE,41.9563,42.9566,31.57,81,13,5.14,few clouds
226,Ancud,CL,-41.8697,-73.8203,54.23,91,15,4.41,few clouds
227,Kawalu,ID,-7.3817,108.2082,81.84,73,89,2.24,overcast clouds
228,Florence,IT,43.7667,11.25,61.3,60,0,1.99,clear sky
229,Nuevo Progreso,MX,23.1667,-97.95,77.54,74,100,1.99,overcast clouds
230,Cabra,ES,37.4725,-4.4421,56.17,71,1,2.33,clear sky
231,Young,UY,-32.6833,-57.6333,52.3,86,0,5.75,clear sky
232,Pangnirtung,CA,66.1451,-65.7125,-4.59,87,4,6.35,clear sky
233,Luang Prabang,LA,19.8856,102.1347,92.97,36,17,1.52,few clouds
234,Atar,MR,20.5169,-13.0499,74.93,18,0,2.13,clear sky
235,Esperance,AU,-33.8667,121.9,70.79,60,70,11.34,broken clouds
236,Beringovskiy,RU,63.05,179.3167,32.34,97,100,24.11,light snow
237,Balikpapan,ID,-1.2675,116.8289,81.59,94,40,5.75,moderate rain
238,Port-Gentil,GA,-0.7193,8.7815,80.08,82,100,3.13,overcast clouds
239,Saint-Medard-En-Jalles,FR,44.8969,-0.7214,55.94,93,0,3.44,fog
240,Pirawa,IN,24.1551,76.0273,83.32,33,0,14.45,clear sky
241,Provideniya,RU,64.3833,-173.3,32.7,95,100,26.49,light snow
242,Mehamn,NO,71.0357,27.8492,35.29,97,100,21.85,light snow
243,Narsaq,GL,60.9167,-46.05,30.42,75,92,2.48,overcast clouds
244,Dukat,RU,62.55,155.55,17.01,84,100,5.82,overcast clouds
245,Machali,CL,-34.1833,-70.6667,57.52,54,0,2.26,clear sky
246,Guerrero Negro,MX,27.9769,-114.0611,61.0,73,100,15.39,overcast clouds
247,Ajaccio,FR,42.0,8.9167,51.85,81,0,4.61,clear sky
248,Custoias,PT,41.1053,-7.321,54.03,75,8,1.1,clear sky
249,Atambua,ID,-9.1061,124.8925,83.68,65,59,2.37,broken clouds
250,Sao Joao Da Barra,BR,-21.6403,-41.0511,71.71,62,99,14.43,overcast clouds
251,Candido Mendes,BR,-1.4467,-45.7167,74.28,96,100,2.24,light rain
252,Darhan,MN,49.4867,105.9228,43.39,41,100,0.45,overcast clouds
253,Kostyantynivka,UA,48.5277,37.7069,46.26,89,46,9.57,scattered clouds
254,Serenje,ZM,-13.2325,30.2352,60.71,98,47,4.0,scattered clouds
255,Shelburne,CA,44.0787,-80.2041,38.23,56,97,17.76,overcast clouds
256,Teseney,ER,15.11,36.6575,86.61,36,67,4.76,broken clouds
257,Chokurdakh,RU,70.6333,147.9167,11.59,87,100,5.64,overcast clouds
258,Kota Bahru,MY,6.1333,102.2386,81.81,82,93,2.86,overcast clouds
259,Mareeba,AU,-17.0,145.4333,81.48,59,100,6.96,overcast clouds
260,Lerwick,GB,60.1545,-1.1494,46.4,90,100,24.74,overcast clouds
261,Chicama,PE,-7.8447,-79.1469,61.34,77,56,7.05,broken clouds
262,Whitehorse,CA,60.7161,-135.0538,43.11,20,100,5.99,overcast clouds
263,Luderitz,NA,-26.6481,15.1594,58.26,63,0,14.09,clear sky
264,Matagami,CA,49.7502,-77.6328,30.22,95,100,4.83,light snow
265,Carutapera,BR,-1.195,-46.02,75.87,93,100,4.7,overcast clouds
266,Aqtobe,KZ,50.2797,57.2072,37.49,93,0,4.47,clear sky
267,Svarstad,NO,59.399,9.9698,41.0,60,99,2.73,overcast clouds
268,Magadan,RU,59.5667,150.8,25.25,64,97,4.9,overcast clouds
269,Hamilton,US,39.1834,-84.5333,65.03,51,100,27.63,light rain
270,Mar Del Plata,AR,-38.0023,-57.5575,58.08,85,0,11.01,clear sky
271,Pemberton,CA,50.3164,-122.8027,42.4,64,76,1.66,broken clouds
272,Tirukkoyilur,IN,11.95,79.2,84.18,71,23,7.31,few clouds
273,Lagoa,PT,39.05,-27.9833,58.8,71,100,11.34,overcast clouds
274,Victoria,HK,22.2855,114.1577,73.96,73,95,21.0,overcast clouds
275,Los Llanos De Aridane,ES,28.6585,-17.9182,65.12,48,0,12.66,clear sky
276,Olafsvik,IS,64.8945,-23.7142,45.63,83,100,30.42,overcast clouds
277,Porosozero,RU,62.7191,32.727,22.3,93,16,3.91,few clouds
278,Babstovo,RU,48.1167,132.4833,50.18,38,99,4.85,overcast clouds
279,Bonavista,CA,48.6499,-53.1147,33.3,84,74,13.0,broken clouds
280,Along,IN,28.1667,94.7667,67.55,94,100,1.61,moderate rain
281,Menongue,AO,-14.6585,17.691,61.02,93,87,2.26,overcast clouds
282,Port Shepstone,ZA,-30.7414,30.455,64.69,86,100,17.67,moderate rain
283,Yeniseysk,RU,58.4497,92.1703,37.87,97,100,2.06,overcast clouds
284,Saint-Augustin,CA,51.226,-58.6502,30.76,99,100,6.46,snow
285,Neiafu,TO,-18.65,-173.9833,79.48,94,75,4.61,broken clouds
286,Harrison,US,30.4091,-89.0436,71.67,89,0,8.05,clear sky
287,Tiarei,PF,-17.5333,-149.3333,87.82,75,6,16.26,clear sky
288,Amahai,ID,-3.3333,128.9167,87.66,57,99,1.48,overcast clouds
289,Mafinga,TZ,-7.25,35.0667,66.54,85,99,2.98,overcast clouds
290,Haian,CN,32.5436,120.45,57.56,44,100,8.14,overcast clouds
291,Rio Gallegos,AR,-51.6226,-69.2181,48.74,64,14,21.74,few clouds
292,Masuguru,TZ,-11.3667,38.4167,70.61,99,46,2.8,scattered clouds
293,Sampit,ID,-2.5333,112.95,78.57,87,100,1.25,heavy intensity rain
294,Oksfjord,NO,70.2396,22.3479,32.07,80,100,7.07,overcast clouds
295,Pakxan,LA,18.3778,103.6601,92.01,44,7,4.74,clear sky
296,Hualmay,PE,-11.0964,-77.6139,66.45,85,15,11.5,few clouds
297,Camacupa,AO,-12.0167,17.4833,62.13,96,100,2.42,overcast clouds
298,Zonalnaya Stantsiya,RU,56.4269,85.0221,48.31,40,0,8.95,clear sky
299,Stawell,AU,-37.05,142.7667,76.08,30,2,10.47,clear sky
300,Pisco,PE,-13.7,-76.2167,66.02,82,0,13.8,clear sky
301,Caconda,AO,-13.7333,15.0667,59.72,92,100,0.04,overcast clouds
302,Hasaki,JP,35.7333,140.8333,54.0,81,100,29.37,overcast clouds
303,Griffith,US,41.5284,-87.4237,49.24,65,100,11.5,overcast clouds
304,Henties Bay,NA,-22.116,14.2845,58.59,87,0,5.12,clear sky
305,Bengkulu,ID,-3.8004,102.2655,81.21,74,100,2.33,overcast clouds
306,Pemba,MZ,-12.974,40.5178,77.7,94,40,6.91,scattered clouds
307,Katsuura,JP,35.1333,140.3,52.25,80,100,22.91,overcast clouds
308,Longyearbyen,SJ,78.2186,15.6401,31.84,86,75,6.91,light snow
309,Road Town,VG,18.4167,-64.6167,78.84,73,40,12.66,scattered clouds
310,Alta Floresta,BR,-9.8756,-56.0861,71.55,96,99,0.89,overcast clouds
311,Banda Aceh,ID,5.5577,95.3222,83.62,71,48,0.18,scattered clouds
312,Rumphi,MW,-11.0186,33.8575,62.02,97,75,3.06,broken clouds
313,Lasa,IT,46.6166,10.7002,45.7,92,46,7.54,scattered clouds
314,Shingu,JP,33.7333,135.9833,61.72,38,84,4.99,broken clouds
315,Morondava,MG,-20.2833,44.2833,78.1,71,7,7.23,clear sky
316,Shahrud,IR,36.4182,54.9763,49.59,69,1,9.01,clear sky
317,Pedro Ii,BR,-4.4247,-41.4586,68.45,97,85,1.99,overcast clouds
318,Williamsburg,US,37.2707,-76.7075,60.57,46,0,11.5,clear sky
319,Craig,US,40.5153,-107.5464,46.35,53,100,5.75,overcast clouds
320,Linguere,SN,15.3953,-15.1193,72.73,42,12,11.45,few clouds
321,Bima,ID,-8.4667,118.7167,88.18,66,37,2.82,scattered clouds
322,San Antero,CO,9.3741,-75.7589,81.32,81,95,13.29,overcast clouds
323,Baruun-Urt,MN,46.6806,113.2792,47.71,26,77,13.24,broken clouds
324,Belmonte,BR,-15.8631,-38.8828,76.28,94,100,13.22,light rain
325,Cherskiy,RU,68.75,161.3,21.13,92,100,8.14,overcast clouds
326,Grahamstown,ZA,-33.3042,26.5328,46.18,87,64,2.48,broken clouds
327,Kruisfontein,ZA,-34.0033,24.7314,52.88,76,80,4.27,light rain
328,Sitka,US,57.0531,-135.33,46.29,61,40,14.97,scattered clouds
329,Russell,US,32.3502,-85.1999,70.83,78,0,0.0,clear sky
330,San Carlos De Bariloche,AR,-41.1456,-71.3082,47.88,83,1,4.83,clear sky
331,Deputatskiy,RU,69.3,139.9,9.68,71,100,2.86,overcast clouds
332,Yeppoon,AU,-23.1333,150.7333,80.38,60,9,12.73,clear sky
333,Luau,AO,-10.7073,22.2247,63.88,98,100,1.72,moderate rain
334,Muros,ES,42.7762,-9.0603,52.16,92,20,2.24,few clouds
335,Arraial Do Cabo,BR,-22.9661,-42.0278,72.41,69,4,21.34,clear sky
336,Reconquista,AR,-29.15,-59.65,54.03,84,0,6.62,clear sky
337,Mazatlan,MX,23.2167,-106.4167,75.9,70,20,5.75,few clouds
338,Maniitsoq,GL,65.4167,-52.9,20.5,57,99,6.08,overcast clouds
339,Tam Ky,VN,15.5667,108.4833,82.89,76,38,5.68,scattered clouds
340,Saint-Philippe,RE,-21.3585,55.7679,72.21,85,54,15.61,light rain
341,Scarborough,GB,54.2797,-0.4044,47.91,89,95,8.01,overcast clouds
342,Avera,US,33.194,-82.5271,64.54,64,19,8.84,few clouds
343,Olinda,BR,-8.0089,-34.8553,83.93,74,40,5.75,scattered clouds
344,Boyuibe,BO,-20.4167,-63.2833,59.85,57,79,3.4,broken clouds
345,Balancan,MX,17.8,-91.5333,89.28,36,83,8.66,broken clouds
346,Natal,BR,-5.795,-35.2094,81.25,89,20,3.44,few clouds
347,Luganville,VU,-15.5333,167.1667,84.49,70,97,4.45,overcast clouds
348,Pevek,RU,69.7008,170.3133,20.05,86,49,4.03,scattered clouds
349,Batagay-Alyta,RU,67.8006,130.4114,12.11,76,17,2.55,few clouds
350,Srikakulam,IN,18.3,83.9,85.48,66,34,11.18,scattered clouds
351,Plettenberg Bay,ZA,-34.0527,23.3716,57.83,74,96,7.96,overcast clouds
352,Oksbol,DK,55.6268,8.2876,42.91,82,40,6.02,scattered clouds
353,Embonas,GR,36.2269,27.8564,51.93,51,100,1.54,overcast clouds
354,Yulara,AU,-25.2406,130.9889,94.84,16,15,14.97,few clouds
355,Estevan,CA,49.1334,-102.9842,17.22,89,100,8.61,overcast clouds
356,Iqaluit,CA,63.7506,-68.5145,-6.48,85,46,6.78,scattered clouds
357,Tura,IN,25.5198,90.2201,77.61,85,98,9.04,overcast clouds
358,Sur,OM,22.5667,59.5289,86.16,44,94,3.49,overcast clouds
359,Bayan,CN,46.0833,127.4,54.1,27,13,18.72,few clouds
360,Susangerd,IR,31.5608,48.1831,71.31,12,0,12.15,clear sky
361,Akdepe,TM,42.0551,59.3788,58.03,54,100,13.87,overcast clouds
362,Alyangula,AU,-13.8483,136.4192,79.9,81,100,16.35,light rain
363,Tooele,US,40.5308,-112.2983,51.82,67,8,5.03,clear sky
364,Elk Point,US,42.6833,-96.6836,39.88,38,52,7.2,broken clouds
365,Zhob,PK,31.3411,69.4481,68.9,19,0,3.13,clear sky
366,Kijang,KR,35.2442,129.2139,55.71,44,93,10.04,overcast clouds
367,Bara,NG,10.3744,10.7288,81.37,56,81,4.23,light rain
368,Ewa Beach,US,21.3156,-158.0072,80.55,57,20,17.27,few clouds
369,Naryan-Mar,RU,67.6713,53.087,8.13,94,34,6.44,scattered clouds
370,Maceio,BR,-9.6658,-35.7353,78.24,83,20,3.44,few clouds
371,Shiraoi,JP,42.55,141.35,54.21,55,28,4.29,scattered clouds
372,Podor,MR,16.6527,-14.9587,73.27,39,6,12.21,clear sky
373,Soyo,AO,-6.1349,12.3689,77.13,89,88,3.04,overcast clouds
374,Gasa,PS,31.5,34.4667,58.3,71,3,8.46,clear sky
375,Singaraja,ID,-8.112,115.0882,86.77,65,63,2.62,broken clouds
376,Krasnoselkup,RU,65.7,82.4667,30.11,98,100,5.86,snow
377,Pitimbu,BR,-7.4706,-34.8086,81.19,83,53,8.84,broken clouds
378,Puerto Baquerizo Moreno,EC,-0.9,-89.6,75.58,88,22,9.19,few clouds
379,Kampot,KH,10.6167,104.1833,87.85,67,99,5.7,overcast clouds
380,Havre-Saint-Pierre,CA,50.2334,-63.5986,32.36,100,100,9.22,overcast clouds
381,Korla,CN,41.7597,86.1469,49.28,10,0,5.08,clear sky
382,Gamba,GA,-2.65,10.0,76.71,89,98,2.42,overcast clouds
383,Hafizabad,PK,32.0679,73.6854,77.49,29,0,4.79,clear sky
384,Bhakkar,PK,31.6253,71.0657,81.48,19,0,4.14,clear sky
385,Yhu,PY,-25.05,-55.9167,52.61,76,0,3.87,clear sky
386,Lorengau,PG,-2.0226,147.2712,84.81,70,43,5.86,scattered clouds
387,Ketchikan,US,55.3422,-131.6461,48.67,25,0,8.05,clear sky
388,Inhambane,MZ,-23.865,35.3833,76.3,93,75,1.61,light rain
389,Bukama,CD,-9.2,25.85,69.93,98,100,1.97,light rain
390,Panukulan,PH,14.9333,121.8144,80.92,75,53,10.58,broken clouds
391,La Ligua,CL,-32.4524,-71.2311,55.76,81,0,2.37,clear sky
392,Dwarka,IN,22.2394,68.9678,80.29,74,0,9.46,clear sky
393,Tombouctou,ML,20.0,-3.0,72.66,16,0,11.86,clear sky
394,Sawara,JP,35.8833,140.5,53.92,76,75,18.41,broken clouds
395,Ipaba,BR,-19.4136,-42.4194,68.86,83,53,1.52,broken clouds
396,Presidencia Roque Saenz Pena,AR,-26.7852,-60.4388,53.33,81,9,4.54,clear sky
397,Salalah,OM,17.0151,54.0924,77.09,78,0,3.44,clear sky
398,Luba,GQ,3.4568,8.5547,81.16,82,87,4.23,light rain
399,Port Moresby,PG,-9.4431,147.1797,84.81,72,99,7.09,moderate rain
400,Kahului,US,20.8947,-156.47,78.82,70,40,21.85,scattered clouds
401,Billings,US,45.7833,-108.5007,26.37,64,40,9.22,scattered clouds
402,Blantyre,MW,-15.785,35.0085,65.05,89,3,3.74,clear sky
403,Namibe,AO,-15.1961,12.1522,70.66,80,41,5.01,scattered clouds
404,Khuzhir,RU,53.1939,107.3397,37.74,73,100,7.0,overcast clouds
405,Alofi,NU,-19.0595,-169.9187,80.85,73,17,4.63,light rain
406,Ishim,RU,56.1128,69.4902,53.85,66,100,11.36,overcast clouds
407,Chippewa Falls,US,44.9369,-91.3929,31.17,59,100,17.27,overcast clouds
408,Cumberland,US,35.0502,-78.8664,64.9,47,0,12.66,clear sky
409,Tuy Hoa,VN,13.0833,109.3,81.43,80,73,4.47,broken clouds
410,Usinsk,RU,65.9939,57.5281,18.43,89,100,12.3,overcast clouds
411,Korfovskiy,RU,48.2183,135.0564,49.46,50,100,8.9,overcast clouds
412,Carlagan,PH,14.975,122.0456,80.83,77,56,9.42,broken clouds
413,Fort Myers Beach,US,26.452,-81.9481,75.02,82,75,4.61,broken clouds
414,Seddon,AU,-37.8068,144.8916,83.61,43,0,11.5,clear sky
415,Ust-Nera,RU,64.5667,143.2,17.49,78,91,3.44,overcast clouds
416,Namtsy,RU,62.7161,129.6658,26.08,76,92,4.05,overcast clouds
417,Krasnovishersk,RU,60.4078,57.082,26.4,95,98,6.51,light snow
418,Vardo,NO,70.3705,31.1107,36.07,90,100,23.02,overcast clouds
419,Manakara,MG,-22.1333,48.0167,74.57,89,73,6.15,light rain
420,Ambon,ID,-3.6954,128.1814,85.05,67,99,1.7,overcast clouds
421,Zatoka,UA,46.0725,30.4654,48.38,79,96,14.79,overcast clouds
422,Batsfjord,NO,70.6345,29.7185,35.38,93,75,20.71,broken clouds
423,Laguna,US,38.421,-121.4238,67.44,47,75,12.66,broken clouds
424,Santa Isabel,BR,-23.3156,-46.2214,58.3,96,3,0.4,clear sky
425,Shaoyang,CN,27.2315,111.4525,50.79,83,100,7.4,overcast clouds
426,Pandamatenga,BW,-18.5278,25.627,65.1,77,23,3.87,few clouds
427,Ericeira,PT,38.9627,-9.4156,59.81,89,15,11.34,few clouds
428,Kachug,RU,53.9606,105.8817,43.66,56,100,4.56,overcast clouds
429,Mana,GF,5.6592,-53.7767,77.41,88,99,8.84,overcast clouds
430,Saint-Pierre,RE,-21.3393,55.4781,75.9,78,12,4.61,few clouds
431,Pocone,BR,-16.2567,-56.6228,76.44,70,100,1.34,overcast clouds
432,Vila Franca Do Campo,PT,37.7167,-25.4333,61.21,88,20,3.85,few clouds
433,Susanville,US,40.4163,-120.653,42.66,82,85,7.0,overcast clouds
434,Auburn,US,47.3073,-122.2284,53.71,56,40,4.61,scattered clouds
435,Arroio Grande,BR,-32.2375,-53.0869,61.14,60,70,5.23,broken clouds
436,Mogadishu,SO,2.0371,45.3438,81.03,79,96,6.64,overcast clouds
437,Stornoway,GB,58.2093,-6.3865,50.94,94,100,8.05,overcast clouds
438,Havelock,US,34.8791,-76.9013,60.94,65,0,0.0,clear sky
439,Byron Bay,AU,-28.65,153.6167,69.94,75,77,11.03,broken clouds
440,Gat,IL,31.61,34.7642,62.4,60,27,5.66,scattered clouds
441,Sretensk,RU,52.2453,117.7093,41.56,32,100,9.71,overcast clouds
442,Camapua,BR,-19.5314,-54.0439,66.07,80,0,5.97,clear sky
443,Coquimbo,CL,-29.9533,-71.3436,55.13,82,0,3.44,clear sky
444,Lapua,FI,62.9693,23.0088,26.35,93,100,0.94,overcast clouds
445,Bartica,GY,6.4,-58.6167,77.32,97,93,2.33,overcast clouds
446,Mao,ES,39.8885,4.2658,50.56,93,0,2.3,clear sky
447,Jiayuguan,CN,39.8167,98.3,41.94,22,99,9.15,overcast clouds
448,Jam Sahib,PK,26.2958,68.6292,73.42,20,0,7.4,clear sky
449,Vuktyl,RU,63.8567,57.3094,23.45,87,100,12.35,overcast clouds
450,Chake Chake,TZ,-5.2459,39.7666,77.95,90,100,6.93,moderate rain
451,Namatanai,PG,-3.6667,152.4333,85.19,68,26,5.17,light rain
452,Felanitx,ES,39.4696,3.1483,56.14,70,11,3.96,few clouds
453,Leningradskiy,RU,69.3833,178.4167,12.67,87,100,9.86,overcast clouds
454,Sinnamary,GF,5.3833,-52.95,77.92,88,100,9.26,overcast clouds
455,Dharchula,IN,29.85,80.5333,71.13,22,0,1.32,clear sky
456,Batticaloa,LK,7.7102,81.6924,80.71,82,62,7.31,broken clouds
457,Praya,CV,14.9215,-23.5087,70.34,68,75,9.22,broken clouds
458,Dalbandin,PK,28.8947,64.4101,78.98,10,2,4.5,clear sky
459,Pombas,CV,17.1503,-25.0201,67.78,75,57,9.89,broken clouds
460,Dali,CN,25.7,100.1833,65.75,54,0,5.12,clear sky
461,Acapulco,MX,16.8634,-99.8901,80.42,69,0,6.91,clear sky
462,Kattivakkam,IN,13.2167,80.3167,86.09,86,91,14.12,overcast clouds
463,Eydhafushi,MV,5.1033,73.0708,84.31,70,96,7.85,overcast clouds
464,Makakilo City,US,21.3469,-158.0858,79.12,57,20,17.27,few clouds
465,Rawson,AR,-43.3002,-65.1023,63.72,56,3,11.34,clear sky
466,Waiuku,NZ,-37.25,174.75,73.85,64,66,4.0,broken clouds
467,Nokaneng,BW,-19.6667,22.2667,68.05,74,46,2.59,scattered clouds
468,Nizhniy Tsasuchey,RU,50.5167,115.1333,45.95,44,99,10.6,overcast clouds
469,Erzurum,TR,40.0,41.5,31.68,92,15,1.7,few clouds
470,Hammonton,US,39.6365,-74.8024,58.82,47,82,12.12,broken clouds
471,Husavik,IS,66.0449,-17.3389,39.99,72,100,14.03,overcast clouds
472,Weligama,LK,5.9667,80.4167,81.7,77,43,1.54,scattered clouds
473,Havre,FR,49.5833,0.3333,51.57,82,15,3.44,few clouds
474,Nyurba,RU,63.2842,118.3319,21.67,83,100,4.61,overcast clouds
475,Udachnyy,RU,66.4167,112.4,19.45,48,99,7.45,overcast clouds
476,Saint-Quentin,FR,49.8333,3.3333,44.69,92,9,7.52,clear sky
477,Lithakia,GR,37.7167,20.8333,47.57,68,100,3.94,overcast clouds
478,Kinsale,IE,51.7075,-8.5306,49.23,93,75,6.91,broken clouds
479,Ambanja,MG,-13.6833,48.45,73.51,89,9,3.56,light rain
480,Palimbang,PH,6.2106,124.1894,84.96,66,64,3.24,broken clouds
481,Kununurra,AU,-15.7667,128.7333,89.58,58,68,5.75,broken clouds
482,Kurchum,KZ,48.5722,83.6542,46.89,29,0,3.04,clear sky
483,Haguenau,FR,48.8156,7.7905,48.97,61,100,3.0,overcast clouds
484,Davila,PH,18.4726,120.5763,89.58,68,87,19.91,overcast clouds
485,Tungor,RU,53.3808,142.9564,33.58,76,100,12.19,overcast clouds
486,Porbandar,IN,21.6422,69.6093,80.31,71,0,7.05,clear sky
487,Calvinia,ZA,-31.4707,19.776,47.62,63,11,16.89,few clouds
488,Palana,RU,59.1167,159.9667,24.89,76,100,12.17,overcast clouds
489,King City,US,36.2127,-121.126,67.44,55,100,7.92,overcast clouds
490,Huarmey,PE,-10.0681,-78.1522,67.41,84,70,12.26,broken clouds
491,Hokitika,NZ,-42.7167,170.9667,60.69,82,100,13.15,overcast clouds
492,Uthal,PK,25.8072,66.6219,80.91,60,3,2.33,clear sky
493,Argos,GR,37.6333,22.7333,57.9,52,100,1.03,overcast clouds
494,Iquique,CL,-20.2208,-70.1431,64.44,74,52,3.47,broken clouds
495,Ribeira Brava,PT,32.65,-17.0667,66.7,62,94,5.23,overcast clouds
496,Jijiga,ET,9.35,42.8,65.26,76,93,3.6,overcast clouds
497,Udaipura,IN,23.0833,78.5,86.13,17,0,7.58,clear sky
498,Sembakung,ID,3.8167,117.25,81.9,87,94,1.23,moderate rain
499,Khandagayty,RU,50.7333,92.05,40.46,29,0,1.48,clear sky
500,Moen,NO,69.1304,18.6123,30.92,69,100,5.75,overcast clouds
501,Sao Filipe,CV,14.8961,-24.4956,70.27,77,8,7.29,clear sky
502,Jiwani,PK,25.05,61.7417,81.14,77,32,7.07,scattered clouds
503,Hirado,JP,33.3597,129.5531,58.39,60,80,23.89,broken clouds
504,Beyneu,KZ,45.3167,55.2,51.39,51,100,4.9,overcast clouds
505,Casablanca,MA,33.5928,-7.6192,64.33,82,2,11.01,clear sky
506,Constantine,DZ,36.365,6.6147,49.41,81,75,3.44,broken clouds
507,Ilulissat,GL,69.2167,-51.1,8.62,61,20,5.75,few clouds
508,Harwich,GB,51.9419,1.2844,48.0,90,0,1.01,clear sky
509,Saint Anthony,US,45.0205,-93.218,30.24,65,100,18.41,overcast clouds
510,Key West,US,24.5557,-81.7826,82.4,80,0,10.36,clear sky
511,Sisimiut,GL,66.9395,-53.6735,11.59,71,23,9.62,few clouds
512,Neijiang,CN,29.5835,105.0622,49.62,90,100,8.48,overcast clouds
513,Kozmodemyansk,RU,56.3367,46.5711,29.16,85,85,3.36,overcast clouds
514,Oistins,BB,13.0667,-59.5333,78.89,78,20,21.85,few clouds
515,Flinders,AU,-34.5833,150.8552,74.17,72,64,5.99,broken clouds
516,Balsta,SE,59.5671,17.5278,29.35,68,80,3.76,broken clouds
517,Morehead,US,37.2711,-87.1764,57.99,69,100,8.05,overcast clouds
518,Paamiut,GL,61.994,-49.6678,22.01,79,20,13.58,few clouds
519,Kambove,CD,-10.8764,26.5969,61.45,98,100,2.71,overcast clouds
520,Chachapoyas,PE,-6.2317,-77.869,55.62,98,100,3.13,overcast clouds
521,Cradock,ZA,-32.1642,25.6192,48.02,78,100,8.14,overcast clouds
522,Nassau,US,40.7507,-73.5829,62.02,53,0,18.41,clear sky
523,Rabo De Peixe,PT,37.8,-25.5833,60.31,82,20,3.44,few clouds
524,Sola,VU,-13.8833,167.55,82.24,67,93,2.35,overcast clouds
525,Caucaia,BR,-3.7361,-38.6531,83.03,75,75,3.44,broken clouds
526,Prince Rupert,CA,54.3161,-130.3201,43.7,50,71,3.96,broken clouds
527,Valenca Do Piaui,BR,-6.4075,-41.7456,72.12,93,52,2.93,broken clouds
528,Halifax,CA,44.6453,-63.5724,44.35,95,100,5.01,overcast clouds
529,Talcahuano,CL,-36.7167,-73.1167,55.08,76,100,2.3,overcast clouds
530,Taranagar,IN,28.6709,75.0351,83.66,12,0,6.15,clear sky
531,Bagdarin,RU,54.4333,113.6,35.78,47,100,6.46,overcast clouds
532,Adre,TD,13.4667,22.2,77.43,10,60,6.58,broken clouds
533,Abu Samrah,SY,35.3029,37.1841,52.66,52,0,3.85,clear sky
534,Bermeo,ES,43.4209,-2.7215,57.24,88,0,5.97,clear sky
535,Inyonga,TZ,-6.7167,32.0667,63.3,91,87,3.06,overcast clouds
536,Benguela,AO,-12.5763,13.4055,76.32,88,100,2.98,overcast clouds
537,Mount Pleasant,US,32.7941,-79.8626,64.99,75,40,9.22,scattered clouds
538,Dese,ET,11.1333,39.6333,55.0,71,94,2.44,overcast clouds
539,Tulagi,SB,-9.0996,160.1476,82.17,70,100,2.73,overcast clouds
540,Shorapani,GE,42.0898,43.0866,42.98,79,4,3.83,clear sky
541,Dauphin,CA,51.1494,-100.0502,19.22,87,100,8.57,overcast clouds
542,Ust-Kuyga,RU,70.0167,135.6,7.47,79,69,4.23,broken clouds
543,Pitanga,BR,-24.7572,-51.7614,49.33,67,0,2.95,clear sky
544,Santarem,BR,-2.4431,-54.7083,77.13,94,75,9.22,thunderstorm
545,Gornopravdinsk,RU,60.05,69.9,42.76,94,100,6.06,overcast clouds
546,Turayf,SA,31.6725,38.6637,58.39,26,93,5.3,overcast clouds
547,Westport,US,41.1415,-73.3579,58.01,58,0,18.41,clear sky
548,Tiznit,MA,29.5833,-9.5,71.65,29,98,4.32,overcast clouds
549,Porto Novo,BJ,6.4965,2.6036,80.33,83,100,4.36,overcast clouds
550,Ardusat,RO,47.65,23.3667,48.52,87,75,5.01,broken clouds
551,Bitung,ID,1.4451,125.1824,88.65,69,96,5.37,overcast clouds
552,Dingle,PH,10.9995,122.6711,84.36,70,14,4.32,few clouds
553,Oum Hadjer,TD,13.2954,19.6966,82.9,40,11,7.54,few clouds
554,Half Moon Bay,US,37.4636,-122.4286,62.8,65,0,14.97,clear sky
555,Chapais,CA,49.7834,-74.8492,31.78,99,100,1.54,snow
556,Alvdal,NO,62.1077,10.6307,28.51,82,85,3.22,overcast clouds
557,Loudi,CN,27.7344,111.9944,50.54,88,100,7.07,overcast clouds
558,Nguru,NG,12.8791,10.4526,84.27,45,98,11.01,overcast clouds
559,Kirkwall,GB,58.9848,-2.9587,46.45,93,100,20.71,overcast clouds
560,Kirkenes,NO,69.7271,30.0458,36.55,75,100,10.36,overcast clouds
561,Dargaville,NZ,-35.9333,173.8833,71.29,61,96,3.27,overcast clouds
562,Karaidel,RU,55.8337,56.9069,37.76,97,100,11.48,overcast clouds
563,Scottsbluff,US,41.8666,-103.6672,39.43,48,75,14.97,broken clouds
564,Kumta,IN,14.4167,74.4,82.81,78,98,3.06,overcast clouds
565,Port Lincoln,AU,-34.7333,135.8667,73.09,60,4,9.24,clear sky
566,Kailua,US,21.4022,-157.7394,80.58,74,98,5.01,overcast clouds
567,Bondo,CD,3.8146,23.6866,68.38,93,99,1.9,overcast clouds
568,Silivri,TR,41.0802,28.226,46.9,66,62,1.77,broken clouds
569,Salina Cruz,MX,16.1667,-95.2,83.21,72,31,7.25,scattered clouds
570,Fairbanks,US,64.8378,-147.7164,35.6,38,0,14.97,clear sky
571,Asfi,MA,32.2994,-9.2372,63.61,72,9,17.98,clear sky
572,Salto,UY,-31.3833,-57.9667,52.88,87,0,5.06,clear sky
573,San Isidro,PE,-12.1167,-77.05,65.79,82,0,16.11,clear sky
574,Haines Junction,CA,60.7522,-137.5108,33.42,58,100,4.14,overcast clouds
575,Basco,PH,20.4487,121.9702,76.62,75,63,21.99,broken clouds
576,Maumere,ID,-8.6199,122.2111,85.71,65,67,1.7,broken clouds
577,Santiago Del Estero,AR,-27.7951,-64.2615,58.91,52,0,7.4,clear sky
578,Mersin,TR,36.862,34.6509,57.13,46,0,6.08,clear sky
579,Berbera,SO,10.4396,45.0143,81.73,81,71,2.82,broken clouds
580,Pinega,RU,64.7001,43.3936,25.93,96,95,4.94,light snow
581,Margate,GB,51.3813,1.3862,49.3,91,0,1.01,clear sky
582,Nemuro,JP,43.3236,145.575,33.94,83,100,16.22,overcast clouds
583,Ukiah,US,39.1502,-123.2078,54.84,86,100,1.01,overcast clouds
584,Hambantota,LK,6.1241,81.1185,82.26,76,56,6.53,broken clouds
585,Trinidad,BO,-14.8333,-64.9,69.75,73,42,3.02,scattered clouds
586,Yerofey Pavlovich,RU,53.9667,121.9667,31.89,34,14,13.56,few clouds
587,Rincon,US,32.296,-81.2354,65.86,72,0,6.91,clear sky
588,Apucarana,BR,-23.5508,-51.4608,60.93,68,0,3.27,clear sky
589,Warrington,GB,53.3925,-2.5802,51.62,90,20,3.44,fog
590,Mendi,PG,-6.1761,143.6513,68.72,65,100,4.9,overcast clouds
591,Aksu,CN,41.1231,80.2644,55.2,14,79,22.26,broken clouds
592,Houma,US,29.5958,-90.7195,75.2,87,100,11.5,overcast clouds
593,Maragogi,BR,-9.0122,-35.2225,79.07,88,65,7.99,broken clouds
594,Mercedes,AR,-34.6515,-59.4307,54.03,83,0,7.4,clear sky
595,Berberati,CF,4.2612,15.7922,68.23,95,100,1.88,overcast clouds
596,Carauari,BR,-4.8828,-66.8958,72.97,99,100,0.36,overcast clouds
597,Pacific Grove,US,36.6177,-121.9166,60.89,76,0,7.0,clear sky
598,Brae,GB,60.3964,-1.353,45.84,89,97,22.5,overcast clouds
599,Ramon,PH,16.7842,121.535,74.64,90,100,0.89,overcast clouds
600,Vao,NC,-22.6667,167.4833,75.87,80,50,6.87,scattered clouds
601,Bac Lieu,VN,9.285,105.7244,84.88,71,78,8.57,broken clouds
602,Hildburghausen,DE,50.4255,10.7318,45.59,84,88,9.15,overcast clouds
603,Elizabeth City,US,36.2946,-76.2511,55.99,62,0,0.0,clear sky
604,Villazon,BO,-22.0866,-65.5942,46.76,30,0,4.59,clear sky
605,Ler,SS,8.3018,30.1418,77.05,73,96,6.78,overcast clouds
606,Buala,SB,-8.145,159.5921,84.38,67,100,6.55,overcast clouds
607,Kashi,CN,39.4547,75.9797,61.2,29,0,4.59,clear sky
608,Altay,CN,47.8667,88.1167,42.69,31,0,3.94,clear sky
609,Biu,NG,10.6129,12.1946,81.3,47,100,10.65,overcast clouds
610,Kireyevsk,RU,53.9336,37.9279,45.32,94,100,12.62,overcast clouds
611,Duldurga,RU,50.6761,113.5931,42.58,57,100,12.77,overcast clouds
612,Sibolga,ID,1.7427,98.7792,82.44,74,100,0.56,overcast clouds
613,Mitsamiouli,KM,-11.3847,43.2844,81.79,79,26,10.63,light rain
614,Tra Vinh,VN,9.9347,106.3453,84.45,71,98,5.44,overcast clouds
615,Gizo,SB,-8.103,156.8419,83.89,72,100,5.03,light rain
616,Eirunepe,BR,-6.6603,-69.8736,73.04,99,68,0.83,broken clouds
617,Flin Flon,CA,54.7682,-101.865,21.92,78,100,6.58,overcast clouds
618,Oxford,GB,51.7522,-1.256,50.77,89,0,5.1,clear sky
619,Almeirim,BR,-1.5233,-52.5817,73.85,97,100,3.31,overcast clouds
620,Vestmannaeyjar,IS,63.4427,-20.2734,47.19,87,26,33.55,scattered clouds
621,Okato,NZ,-39.2,173.8833,66.9,67,66,6.64,broken clouds
622,Berlevag,NO,70.8578,29.0864,35.4,98,100,21.54,overcast clouds
623,Gawler,AU,-34.6,138.7333,84.09,39,0,6.15,clear sky
624,Yichang,CN,30.7144,111.2847,49.1,86,100,3.29,overcast clouds
625,Cap Malheureux,MU,-19.9842,57.6142,74.46,86,62,11.99,moderate rain
626,Santo Domingo,DO,18.5001,-69.9886,78.04,84,20,3.0,few clouds
627,Raymondville,US,26.4815,-97.7831,78.91,88,100,12.91,overcast clouds
628,Matay,EG,28.419,30.7792,63.36,40,3,8.7,clear sky
629,Laurinburg,US,34.7741,-79.4628,64.85,57,0,11.5,clear sky
630,Nome,US,64.5011,-165.4064,34.16,80,100,24.16,overcast clouds
631,Axim,GH,4.8699,-2.2405,78.64,85,95,6.2,light rain
632,Verkhnevilyuysk,RU,63.4453,120.3167,21.72,80,98,6.08,overcast clouds
633,Thaba-Tseka,LS,-29.522,28.6084,45.72,93,100,4.16,moderate rain
634,Treinta Y Tres,UY,-33.2333,-54.3833,52.7,90,2,5.23,clear sky
635,Kelo,TD,9.3086,15.8066,82.54,52,28,5.5,scattered clouds
636,Suntar,RU,62.1444,117.6319,24.62,75,100,5.26,overcast clouds
637,Karachi,PK,24.9056,67.0822,78.62,83,40,5.75,scattered clouds
638,Pangai,TO,-19.8,-174.35,81.66,77,100,14.41,light rain
639,Bilma,NE,18.6853,12.9164,83.7,7,100,9.75,overcast clouds
640,Gazanjyk,TM,39.2446,55.5154,55.35,51,5,6.49,clear sky
641,Lata,PT,40.1629,-8.3327,51.75,90,100,2.21,overcast clouds
642,Yerbogachen,RU,61.2767,108.0108,28.96,73,100,5.12,overcast clouds
643,Turukhansk,RU,65.8167,87.9833,33.53,100,100,4.47,snow
644,Puerto Princesa,PH,9.7392,118.7353,86.04,61,18,2.95,few clouds
645,Bontang,ID,0.1333,117.5,79.95,87,100,8.59,moderate rain
646,Kavaratti,IN,10.5669,72.642,83.44,71,91,2.59,overcast clouds
647,Cururupu,BR,-1.8283,-44.8683,74.61,97,100,2.06,overcast clouds
648,Pershotravneve,UA,51.3929,28.8684,47.41,93,100,8.32,overcast clouds
649,Bexhill,AU,-28.7667,153.35,75.0,87,93,7.0,overcast clouds
650,Broome,US,42.2506,-75.833,59.38,40,100,12.66,overcast clouds
651,Sukumo,JP,32.9333,132.7333,61.77,36,53,8.84,broken clouds
652,Yoichi,JP,43.2039,140.7703,43.88,52,0,5.19,clear sky
653,Trelew,AR,-43.249,-65.3051,65.5,42,3,10.6,clear sky
654,Newcastleton,GB,55.1796,-2.8127,51.04,93,100,1.54,overcast clouds
655,Amuntai,ID,-2.4177,115.2494,81.57,89,74,1.68,light rain
656,Lufilufi,WS,-13.8745,-171.5986,91.18,76,57,11.81,light rain
657,Pontalina,BR,-17.525,-49.4472,65.66,87,0,4.05,clear sky
658,Vigrestad,NO,58.5667,5.7,35.82,80,56,7.76,broken clouds
659,Caluquembe,AO,-13.7833,14.6833,60.51,90,100,1.45,overcast clouds
660,Uusikaupunki,FI,60.8004,21.4084,31.08,94,89,4.36,overcast clouds
661,Mayna,RU,54.1135,47.6231,31.68,82,66,2.71,broken clouds
662,Raipur,IN,21.2333,81.6333,86.14,54,20,6.91,haze
663,Zaterechnyy,RU,44.7931,45.2097,43.52,90,65,5.77,broken clouds
664,Rovaniemi,FI,66.5,25.7167,27.81,74,0,2.3,clear sky
665,Kieta,PG,-6.2167,155.6333,84.09,72,94,3.76,light rain
666,Kurilsk,RU,45.2333,147.8833,33.26,78,100,8.77,overcast clouds
667,Charters Towers,AU,-20.1,146.2667,83.28,27,0,11.65,clear sky
668,Boa Vista,BR,2.8197,-60.6733,76.98,83,75,4.61,light rain
669,Matara,LK,5.9485,80.5353,81.66,77,39,2.24,scattered clouds
670,Svolvaer,NO,68.2342,14.5683,41.49,79,91,19.51,light rain
671,Fevik,NO,58.3794,8.6766,26.37,60,99,4.23,overcast clouds
672,Dzhebariki-Khaya,RU,62.2167,135.8,24.84,81,22,3.47,few clouds
673,Crestview,US,30.7621,-86.5705,71.24,76,0,0.0,clear sky
674,Bras-Panon,RE,-20.9967,55.6782,74.89,97,54,14.5,light rain
675,Palmer,US,42.1584,-72.3287,56.01,35,20,10.0,few clouds
676,Villarrica,PY,-25.75,-56.4333,53.35,91,0,4.29,clear sky
677,Yatou,CN,37.15,122.3833,60.19,28,49,9.15,scattered clouds
678,Bologoye,RU,57.8799,34.1068,33.13,98,100,9.42,light snow
679,Tanabi,BR,-20.6264,-49.6492,60.69,74,0,6.87,clear sky
680,Karratha,AU,-20.7377,116.8463,93.29,33,17,12.93,few clouds
681,Camacha,PT,33.0833,-16.3333,58.42,82,40,3.44,scattered clouds
682,Linqiong,CN,30.4159,103.4609,51.62,88,100,2.8,overcast clouds
683,Paita,PE,-5.0892,-81.1144,68.97,79,48,17.36,scattered clouds
684,Siguiri,GN,11.6667,-9.5,87.1,40,87,5.1,light rain
685,Najran,SA,17.4924,44.1277,72.25,41,3,3.76,clear sky
686,Necochea,AR,-38.5473,-58.7368,54.82,67,3,9.53,clear sky
687,Seoul,KR,37.5683,126.9778,63.79,36,0,9.22,clear sky
688,Kaminoyama,JP,38.1539,140.2736,47.34,94,100,2.42,overcast clouds
689,Bam,IR,29.106,58.357,74.44,30,47,4.72,scattered clouds
690,Clyde River,CA,70.4692,-68.5914,-14.57,76,0,5.75,clear sky
